funil,dia,horario,texto
free,1,manha,"☀️ *BOM DIA! Aula 1 de 3 — Vocaboost*

Hoje você já sai falando como nativo. 3 jeitos de dizer ""tudo bem?"" que a escola não te ensinou:

• *How's it going?* → ""como vão as coisas?""
• *What's up?* → ""e aí?""
• *How have you been?* → ""como você tem estado?""

🎯 *Tarefa de 5 min:* escolha UMA e use hoje (ou responda aqui no grupo).

👉 Amanhã: o erro nº 1 que trava todo brasileiro no inglês. *Não silencie o grupo.*"
free,1,tarde,"💬 E aí, fez a tarefa?

Responde aqui embaixo, em inglês: *como você está hoje?*
(pode errar — é errando que destrava 😉)"
free,1,noite,"🌙 Antes de dormir, uma pergunta:

Você ENTENDE inglês mas trava na hora de falar?

Amanhã eu te mostro por que isso acontece — e o método que faz a frase sair ""no automático"". A Aula 2 chega cedinho. 👀"
free,2,manha,"☀️ *Aula 2 de 3 — Por que você trava (e a solução)*

O problema não é falta de vocabulário. É que você aprende *palavra solta*. Nativo aprende em *blocos prontos* (chunks):

❌ ""I want... to... go..."" (montando peça por peça)
✅ *""I'm gonna...""* (bloco pronto, sai automático)

3 blocos pra usar HOJE:
• *I'm gonna...* (eu vou...)
• *Do you wanna...?* (você quer...?)
• *I have to...* (eu tenho que...)

Isso é *método*, não sorte. No Vocaboost você treina blocos novos todo dia até virarem automáticos.

👉 Amanhã: como fazer isso no piloto automático, mesmo sem tempo."
free,2,tarde,"📊 Me ajuda a personalizar as próximas aulas. Qual seu MAIOR travão hoje?

Responde com a letra:
*A)* Vocabulário (faltam palavras)
*B)* Escuta (não entendo quando falam rápido)
*C)* Medo de falar / vergonha de errar"
free,2,noite,"🌙 Muita gente respondeu *C* (medo de falar) — e isso tem solução.

Amanhã, na Aula 3, eu te mostro a técnica pra destravar a fala em casa, sozinho, em 20 min/dia. É a aula que mais se aproxima de como o Vocaboost funciona por dentro. Não perde. 🔥"
free,3,manha,"☀️ *Aula 3 de 3 — Destrave a fala em 20 min/dia*

A técnica chama *shadowing*: ouça uma frase curta e repita em voz alta IMITANDO o áudio (ritmo e entonação).

Faça hoje:
1. Pegue 1 frase de uma série/música.
2. Repita 5x junto com o áudio.
3. Grave você falando e compare.

Em 2 semanas seu cérebro começa a ""pensar"" em inglês.

⚠️ O pulo do gato: fazer isso *todo dia, com o material certo e correção*. Sozinho dá pra começar — com um plano diário + professor, você avança 3x mais rápido. É o que o Vocaboost faz por você.

👉 Amanhã é dia de *resultados* — e tenho um *aviso importante* pra esse grupo. Fica de olho cedinho."
free,3,noite,"🌙 Spoiler do aviso de amanhã:

Quem está nesse grupo vai ter uma *condição exclusiva* pra entrar no Vocaboost — que não existe em nenhum outro lugar. Mas por *tempo limitado*. Amanhã explico tudo. 👀"
free,4,manha,"☀️ *Dia de resultados — recap das 3 aulas*

Em 3 dias você aprendeu:
✅ Aula 1 — saudações como nativo
✅ Aula 2 — o método dos *blocos prontos* (chunks)
✅ Aula 3 — *shadowing* pra destravar a fala

Se SÓ isso já ajudou... imagina uma aula nova dessas *todo dia*, com áudios, correção e um professor do seu lado.

Fica no grupo: hoje à noite vem o *aviso* que você esperava. 🔔"
free,4,tarde,"💬 Olha o que quem já está no Vocaboost Premium tá falando:

⭐ ""Em 3 semanas comecei a entender série sem legenda."" — Ana
⭐ ""Perdi o medo de falar nas reuniões."" — Rodrigo
⭐ ""20 min/dia que cabem na minha rotina."" — Júlia

(troque por seus prints/áudios reais de alunos)"
free,4,noite,"🔔 *É AMANHÃ.*

Por *48 horas*, quem está nesse grupo entra no *Vocaboost Premium* por um preço que NÃO vai se repetir:

De ~{from}~ por *{to}*.

Aula nova todo dia + áudios + professor pra corrigir e tirar dúvidas.

Amanhã cedo eu abro o link. Deixa o grupo no topo. 🚀"
free,5,manha,"☀️ *ABRIU! Vocaboost Premium — 48h só pra esse grupo*

O que você leva:
✅ 1 aula prática NOVA todo dia (como as 3 que recebeu)
✅ Áudios pra treinar shadowing
✅ Professor no grupo pra corrigir e tirar dúvidas
✅ Comunidade pra praticar sem vergonha

💰 *De {from} por {to}* — só nesta turma, até amanhã à noite. Depois volta pra {from}.

👉 Garanta sua vaga: {checkout}"
free,5,tarde,"❓ *""Como funciona na prática?""*

1. Você assina 👉 {checkout}
2. Recebe o link do grupo Premium na hora
3. Todo dia cedo chega sua aula + áudio
4. Tira dúvida com o professor quando quiser

Cabe em 20 min/dia. Sem enrolação, sem gramática chata.

Em dúvida? Manda sua pergunta aqui que eu respondo. 👇"
free,5,noite,"🌙 A turma já começou a encher hoje. 🔥

Lembra: *{to}* (de {from}) vale só até *amanhã à noite*. Depois, {from}.

Se você acompanhou as 3 aulas e sentiu que funciona — esse é o empurrão.

👉 {checkout}"
free,6,manha,"☀️ *ÚLTIMO DIA — fecha hoje à noite*

Hoje é a última chance de entrar no Vocaboost Premium por *{to}* (depois volta pra {from}).

Você já provou pra você mesmo que consegue aprender — nas 3 aulas dessa semana. Agora é dar o próximo passo com método e constância.

👉 {checkout}"
free,6,tarde,"⏳ *Faltam poucas horas.*

""Será que tenho tempo?"" — São 20 min/dia. Menos que um story. 😅
""E se eu não conseguir?"" — Tem professor te corrigindo e uma comunidade junto. Você não fica sozinho.

Por {to} (menos de R$ 1,70/dia) você destrava de vez. Só até hoje à noite.

👉 {checkout}"
free,6,noite,"🚨 *FECHANDO. Últimas horas.*

Depois de hoje, o valor volta pra {from} e a próxima turma só abre no próximo ciclo.

Se você chegou até aqui, é porque quer isso. O ""depois"" custa mais caro.

Entra agora 👉 {checkout}

Te vejo lá dentro. 🚀"
free,boasvindas,-,"Olá, {nome}! 👋 Que bom ter você no *Vocaboost Grátis*.

Nos próximos *4 dias* você recebe *3 aulas práticas* de inglês aqui no grupo — coisas que dá pra aplicar no mesmo dia.

No fim, quem quiser ir mais fundo vai ter uma *condição especial que só existe pra quem está aqui*. 😉

📌 Entre no grupo e deixe no topo (as aulas chegam cedinho): {convite}

Bora destravar seu inglês! 🚀"
premium,upsell,-,"🎯 *Quer acelerar de vez?*

Além das lições diárias, oferecemos *aulas particulares de inglês* — plano de estudo sob medida, foco na sua dificuldade e conversação 1:1 com professor.

Vagas limitadas. Fale com a gente 👉 {private}"
premium,boasvindas,-,"🎉 Pagamento confirmado! Bem-vindo(a) ao *Vocaboost Premium*.

Entre no grupo exclusivo e receba sua lição diária com professor: {convite}"
